RT,@WekaMOOC:,New,session,details,soon,and,a,preview,of,what,is,coming,after,that,,#Weka,https://tco/aAhdofNp9t,
vrstartup:,Intro,to,#MachineLearning,#NLP,with,#Python,and,#Weka,https://tco/jN5qqRo5dS,RT,codementorIO,https://tco/thtycBEr5H,
Intro,to,#MachineLearning,#NLP,with,#Python,and,#Weka,https://tco/9WiWgpIqWQ,RT,@codementorIO,https://tco/M3T8OPKOYh,
Intro,to,#MachineLearning,#NLP,with,#Python,and,#Weka,|,Codementor,https://tco/W2P8NpQmDm,#datascience,
Intro,to,#MachineLearning,#NLP,with,#Python,and,#Weka:,Building,a,Spam,Filter,https://tco/4kTRvZSMMS,https://tco/93JlN2ArY7,
Intro,to,#MachineLearning,#NLProc,with,#Python,and,#Weka,@CodementorIO,@assorizontal,https://tco/0oc9b5Jnp0,https://tco/7AhHdmtbuj,
RT,@assorizontal:,Intro,to,#MachineLearning,#NLProc,with,#Python,and,#Weka,|,@CodementorIO,https://tco/flwH4hIV7R,
Intro,to,#MachineLearning,#NLProc,with,#Python,and,#Weka,|,@CodementorIO,https://tco/flwH4hIV7R,
Intro,to,Machine,Learning,NLP,with,Python,and,Weka
#machinelearning,#python,#NLP,#Weka
https://tco/Fcb2ZHpKVy,https://tco/hAWyWg7D8g,
Think,Big,Principal,Data,Scientist,@teradata,Chicago,IL,https://tco/xhXDOAkBtJ,#Linux,#SAS,#Weka,
Proudly,reading,how,a,researcher,cites,my,blog,post,on,#WEKA,Filtered,Classifier,-,thanks,,Jim,https://tco/5lLiEjXRkR,#datamining,
Intro,to,Machine,Learning,NLP,with,Python,and,Weka,https://tco/Z0nCJSUN73,#allengineeringblogs,#machinelearning,#nlp,#python,#data,#weka,
Intro,to,#MachineLearning,#NLP,with,#Python,and,#Weka:,Building,a,Spam,Filter,https://tco/4bFN132G4r,https://tco/KuZ7rHqIJW,
RT,@WekaMOOC:,Enrolment,opens,for,Advanced,Data,Mining,with,#Weka:,new,MOOC,from,@waikato,-,https://tco/TnMOpEjy8U,
RT,@WekaMOOC:,Enrolment,opens,for,Advanced,Data,Mining,with,#Weka:,new,MOOC,from,@waikato,-,https://tco/TnMOpEjy8U,
35(2/2):,#RandomForest,is,implemented,in,many,#MachineLearning,SW:,#R,(randomForest,,wrapped,by,#caret),,#Python,scikit-learn,,#Weka,,etc,
RT,@zelandiya:,Practical,data,mining,course,,no,programming,skills,needed,https://tco/uP0qUALJ4D,by,@prof_martini,#r,#weka,#python,
Advanced,Data,Mining,with,Weka,-,Starts,25,April,2016,https://tco/tbVO2Yc9wV,@zelandiya,@KirkDBorne,#machinelearning,#Weka,
RT,@zelandiya:,Practical,data,mining,course,,no,programming,skills,needed,https://tco/uP0qUALJ4D,by,@prof_martini,#r,#weka,#python,
RT,@zelandiya:,Practical,data,mining,course,,no,programming,skills,needed,https://tco/uP0qUALJ4D,by,@prof_martini,#r,#weka,#python,
RT,@zelandiya:,Practical,data,mining,course,,no,programming,skills,needed,https://tco/uP0qUALJ4D,by,@prof_martini,#r,#weka,#python,
Practical,data,mining,course,,no,programming,skills,needed,https://tco/uP0qUALJ4D,by,@prof_martini,#r,#weka,#python,
RT,@WekaMOOC:,Enrolment,opens,for,Advanced,Data,Mining,with,#Weka:,new,MOOC,from,@waikato,-,https://tco/TnMOpEjy8U,
RT,@WekaMOOC:,Enrolment,opens,for,Advanced,Data,Mining,with,#Weka:,new,MOOC,from,@waikato,-,https://tco/TnMOpEjy8U,
RT,@WekaMOOC:,Enrolment,opens,for,Advanced,Data,Mining,with,#Weka:,new,MOOC,from,@waikato,-,https://tco/TnMOpEjy8U,
RT,@WekaMOOC:,Enrolment,opens,for,Advanced,Data,Mining,with,#Weka:,new,MOOC,from,@waikato,-,https://tco/TnMOpEjy8U,
RT,@WekaMOOC:,Enrolment,opens,for,Advanced,Data,Mining,with,#Weka:,new,MOOC,from,@waikato,-,https://tco/TnMOpEjy8U,
RT,@WekaMOOC:,Enrolment,opens,for,Advanced,Data,Mining,with,#Weka:,new,MOOC,from,@waikato,-,https://tco/TnMOpEjy8U,
RT,@WekaMOOC:,Enrolment,opens,for,Advanced,Data,Mining,with,#Weka:,new,MOOC,from,@waikato,-,https://tco/TnMOpEjy8U,
RT,@WekaMOOC:,Enrolment,opens,for,Advanced,Data,Mining,with,#Weka:,new,MOOC,from,@waikato,-,https://tco/TnMOpEjy8U,
RT,@WekaMOOC:,Enrolment,opens,for,Advanced,Data,Mining,with,#Weka:,new,MOOC,from,@waikato,-,https://tco/TnMOpEjy8U,
RT,@WekaMOOC:,Enrolment,opens,for,Advanced,Data,Mining,with,#Weka:,new,MOOC,from,@waikato,-,https://tco/TnMOpEjy8U,
Enrolment,opens,for,Advanced,Data,Mining,with,#Weka:,new,MOOC,from,@waikato,-,https://tco/TnMOpEjy8U,
The,cost,of,an,education,is,never,low,Finally,wrangling,#Weka,to,the,ground,with,#Santander,#Kaggle,data,Next,is,KNIME,
For,Later!,https://tco/d1M2vagr6i,
Intro,to,Machine,Learning,NLP,with,Python,and,Weka,|,Codementor:,https://tco/tSwlsnKh2P,
I,dele,so,weka,
Just,the,one,unfollower,today,found,tracked,by,https://tco/CjBaEclOLW,
@AgnstModFball,@thom_dorke,@ADGStreet,yes,,I,100%,think,of,roles,were,reversed,,we'd,have,been,punished,Tactics,subs,weka,by,Pardew,
RT,@WekaMOOC:,New,session,details,soon,and,a,preview,of,what,is,coming,after,that,,#Weka,https://tco/aAhdofNp9t,
@elikirugu,@mcfc,Mark,This,tweet,and,mark,mine,tooWhisker,weka,kando,
@KenyaPower_Care,Sorted,it,out,Thank,you,
@KenyaPower_Care,Is,it,possible,for,you,to,send,me,the,full,account,number?,Getting,a,failure,report,from,M-Pesa

No,2310767,
@KenyaPower_Care,Please,check,DM,
@KenyaPower_Care,Seen,Thank,you,,good,night,
RT,@Kooora_MUFC:,We're,going,to,Wembley
https://tco/cWZJfvojXe,
Hey,@KenyaPower_Care,Trying,to,get,my,account,balance,through,95551,but,it's,falling,through,Help?

Acc,no,2310767,
Meanwhile,,,man,united's,,Marcus,Rashford,,do,it,again,,We,say,toa,,ndani,,weka,,katikati,,#mufcvwhufc,
Ukitaka,pesa,weka,game,ya,manutd,first,half,draw,ama,most,goals,second,half,
A,starter-level,tutorial,on,Natural,Language,Processing,,#machinelearning,and,#datascience,https://tco/RP5ppVdBds,https://tco/FKiPWnX4Eu,
Prophet,John,the,5th,,from,Bungoma,vaneeeeeeeeee,ati,he,has,a,bible,na,kuna,kitabu,ya,Agnes,and,Geoffrey,(weka,https://tco/z4MEuujU9J,
@Brianmbunde,weka,Ata,Mia,I,have,a,very,big,feeling,Leo,HT,zitakua,OV25,
Latest,Stats,=,1,Followers,and,1,Unfollowers,(tracked,by,https://tco/ICYHKMrHie),
Mzee,@Qurya,ambia,@Oksimba,don't,try,to,mix,Water,with,paraffin,Chukua,Squad,yote,ya,Leicester,weka,hapo,#RadioJamboFootball,#SportsWrap,
Auto-WEKA,is,another,open,source,project,for,automated,machine,learning,#GoogleCloudPlatform,#WolframAlpha,https://tco/H9rP0z5B8o,
RT,@BBAnimals:,Peek-a-boo,',https://tco/7FaCX2whT6,
Payung,teduh,and,next,Tigapagi,and,then,sleep,tight,
The,agenda,of,the,privacy,conference,IDACON,,where,I,will,give,a,talk,,can,now,be,found,here,https://tco/MGPxwMnkzM,#IDACON,#Datenschutz,
Lullabies,,yes,I,need,you,now,
Weka,#Sundowner,on,your,tweets,dear,https://tco/U6hj2ol7Ii,
#workfromhome,#technicalwriting,Business,Intellegnce,Technical,Report,for,Weka,software,by,mindway,https://tco/I7sT4UjBpf,#job,
I,really,really,love,P-Unit's,Weka,Weka,
#Freelancer,#seo,process,and,analyse,dataset,using,weka,by,dizzjayne,https://tco/4H4pnfADIT,@CashBoards,
#Freelancer,process,and,analyse,dataset,using,weka,by,dizzjayne,https://tco/ewsFRgKZlD,#computer,via,@BlueWaterMarket,
Just,posted,a,photo,https://tco/Fzi32lJCjR,
process,dataset,and,analysis,of,dataset,using,weka,by,dizzjayne,https://tco/q5Z3Tpqsfs,#datamining,#dataprocessing,
Forget,unfollowers,,I,believe,in,growing,8,new,followers,in,the,last,week!,Stats,via,https://tco/FqnKAt3cPW,
Just,posted,a,photo,@,garut-cilawu,https://tco/kQE499LMk4,
Swanndri,Weka,Sweater,-,RRP,19999,-,FREE,POST,https://tco/HeBufWy7m2,https://tco/Cr4DPX8vKu,
Swanndri,Weka,Sweater,-,RRP,19999,-,FREE,POST,https://tco/HeBufWy7m2,https://tco/7vv7u6TRB3,
Swanndri,Weka,Sweater,-,RRP,19999,-,FREE,POST,https://tco/HeBufWy7m2,https://tco/ic6eJoCB2j,
Swanndri,Weka,Sweater,-,RRP,19999,-,FREE,POST,https://tco/HeBufWy7m2,https://tco/Wwgy4N8LZa,
Swanndri,Weka,Sweater,-,RRP,19999,-,FREE,POST,https://tco/iRDugOTJ4L,https://tco/uiff2ZMsRA,
@Kiss100Kenya,sirikali,saidia,weka,restrictions,for,nigerian,gettin,into,de,country,wid,aimless,,
vrstartup:,Intro,to,#MachineLearning,#NLP,with,#Python,and,#Weka,https://tco/jN5qqRo5dS,RT,codementorIO,https://tco/thtycBEr5H,
Intro,to,#MachineLearning,#NLP,with,#Python,and,#Weka,https://tco/9WiWgpIqWQ,RT,@codementorIO,https://tco/M3T8OPKOYh,
Looking,for,some,Weka,advice,via,/r/datascience,https://tco/SOOxMpP8Np,
Intro,to,#MachineLearning,#NLP,with,#Python,and,#Weka,|,Codementor,https://tco/W2P8NpQmDm,#datascience,
Intro,to,#MachineLearning,#NLP,with,#Python,and,#Weka:,Building,a,Spam,Filter,https://tco/4kTRvZSMMS,https://tco/93JlN2ArY7,
@stefaniegreay,@RockstarGames,I,felt,a,(good)disturbance,in,my,Weka,scripts,when,I,read,this,
MakeAVoice,Radio:,Now,playing,m,-,Ali,weka,Final
TuneIn,Player,@,https://tco/dXfYtbEyXu,
RT,@Mirna_elhelbawi:,We,should,appreciate,hugs,,hugs,are,wonderful,
4,people,unfollowed,me,today,tracked,by,https://tco/CjBaEclOLW,
2,people,unfollowed,me,today,tracked,by,https://tco/ICYHKMrHie,
#np,Ante,Up,(Weka,Weka,refix),on,the,#Sweet16mix,@XfmUG,
#np,Ante,Up,(Weka,Weka,refix),on,the,#Sweet16mix,@XfmUG,
@ivansguy,,weka,over,ya,real,and,maybe,GG,city,
Weka,handle,https://tco/El2lEL2a4P,
But,those,starlets,nawa,weka,same,league,as,Kenya7s,the,real,go,getters,#workhard,#goodresults,#SSS,
I,retract,my,previous,statement

HTC,10,it,is,https://tco/qXQDocw79Q,
Andrew,,Angga,,Tewe,,Asiung,,Wahyu,,Weka,,Handra,and,more,who,i,can't,mention,cause,i,wont,I'll,remember,you,guys!,Hohoho,
@AbassAbdiaziz,@KCBGroup,,heeehee,weka,BB,that,you,had,hidden,somewhere,to,appetize,
im,weak,im,weak,Yhey,kissed,im,WEKa?q??,
Weka,pic,yao,@dozzer20,@Milele_FM,#kazimpango,,@mjuajiolematope,@mwajumachozi,#kazimpango,ASK,QUESTIONS,ABOUT,YOUR,RELATIONSHIP,
RT,@caesarcognac:,awesome,stuff,safety,kuisunga,weka,https://tco/rmMUNiIIaa,
awesome,stuff,safety,kuisunga,weka,https://tco/rmMUNiIIaa,
RT,@conn_william:,@ADELLEO,it,,aint,,right,,thats,,why,his,your,ex,you,weka,,your,past,behind,,
RT,@conn_william:,@ADELLEO,it,,aint,,right,,thats,,why,his,your,ex,you,weka,,your,past,behind,,
Anywayback,here,in,Zambia,we,have,a,sayingSafety,kuisunga,weka,https://tco/MrWyYugYwL,
@ADELLEO,it,,aint,,right,,thats,,why,his,your,ex,you,weka,,your,past,behind,,
Listen,to,our,latest,message:,image-Pharaoh,-,see,how,God,uses,the,weka,nd,the,foolish,things,of,the,world,to,https://tco/K08FGtg1az,
@jase_b,WEKA,SAVE,ME,FROM,THIS,DEADLY,LINEN!,
Beautiful,way,to,get,started,with,ML,thanks,@TeachTheMachine,https://tco/klVHG512ca,
Although,we,only,used,Weka,for,a,bit,in,class,,it,seems,like,a,really,useful,and,cool,tool,for,data,analytics!,,#IlliniBADM590,
NICK,VIDEO,HAS,ME,WEKA,This,boy,hit,his,head,
Just,the,one,unfollower,today,found,tracked,by,https://tco/ICYHKMrHie,
China,trade,boosts,local,bourse:,The,Australian,stockmarket,follows,offshore,markets,higher,,as,bullish,data,o,https://tco/aBfVQX7osg,
Academic,and,Research,Positions,in,Data,Mining,and,Knowledge,Discovery,https://tco/Ya7TTuChsd,via,@kdnuggets,
co-editing,a,Springer,book,Towards,glass-box,data,mining,for,Big,and,Small,Data,Email,me,if,you'd,contribute,with,a,chapter,#www2016,
How,data,mining,and,data,warehousing,are,related,to,ERP?,For,more,information,https://tco/BFcKx6BEoy,
Bill,Would,Prohibit,Data,Mining,On,Student,Apps,-,CBS,Local,#mining,https://tco/L42x5ZWvOR,
Bill,Would,Prohibit,Data,Mining,On,Student,Apps,-,CBS,Local,#mining,https://tco/yqLMHm3ipk,
Bigger,issue,is,that,#openaccess,is,not,just,about,access,-,it's,also,enabling,seamless,sharing,,data,mining,reuse,https://tco/JiIYDFv4v0,
Retweeted,Keith,W,Jenkins,(@keithwj):

Watching,Pi,by,@DarrenAronofsky,Data,mining,on,drugs,There's,math,https://tco/8Lf0qp7OYM,
RT,@keithwj:,Watching,Pi,by,@DarrenAronofsky,Data,mining,on,drugs,There's,math,everywhere!,https://tco/Knluff1etm,
Simply,the,best,,Most,Secure,Internet,Search,Experience,You,have,ever,had,No,Data,Mining,,or,Tracking,of,any,kind,https://tco/38z2DtjYhL,
Watching,Pi,by,@DarrenAronofsky,Data,mining,on,drugs,There's,math,everywhere!,https://tco/Knluff1etm,
Dr,Drew,Wassel,,Chief,Innovator,and,Inventor,of,#MiDROPS,working,on,formulation,screening,data,mining!,#ARVO2016,https://tco/dY9EhuuR4y,
Really,don't,like,the,idea,of,selling,hardware,that's,subsidized,by,advertising,,a,little,too,overt,with,the,data,mining,for,my,taste,
Tomorrow,is,the,SF,Data,Mining,meetup,It,should,be,fun:,https://tco/0KziyfIXGV,
#data,#mining,House,committee,votes,unanimously,for,Email,Privacy,Act,https://tco/XhDg3Sxaod,#webscraping,https://tco/VXHNmgxwyh,
@ShellenbergerMD,@GreenHejira,@Greenpeace,Data,is,pre,#Fukushima,Does,it,include,#Uranium,mining,contamination,deathsFull,Storage,costs,
[new,ways,to,listen&amp;understand],incl,data,mining,,visualization,,shifting,identity,frameworks,,specul,design,&amp;games,https://tco/g9sW10Pr4l,
Data,Mining,Mining,Data:,the,Challenge,Behind,Supply,Chain,Data,at,#ODSC,#Boston,meetup,https://tco/SA4NiflxK1,https://tco/TJNQAbGfQM,
Are,you,at,the,#ODSC,Boston,Meetup?,Tweet,us!,https://tco/SA4Nif3WSt,https://tco/R9FLK7cSwv,
#data,#mining,Shopify,gets,into,chatbots,with,acquisition,of,Kit,CRM,https://tco/ThDVZqETvx,#webscraping,https://tco/1YgZ7wN9Bl,
Principles,Of,Data,Mining,(undergraduate,Topics,In,Computer,Science),here,,https://tco/ytJ1CLnW93,#datamining,#machinelearnbot,
Data,Mining,Mining,Data:,the,Challenge,Behind,Supply,Chain,Data,,https://tco/SA4NiflxK1,#ODSC,#Boston,https://tco/riz70CXEeB,
New,Post:,,Did,some,data,mining,today,and,I,found,these,interesting,files,https://tco/cWVsqI0oC1,
Network,analysis,and,data,mining,in,food,science:,the,emergence,of,computational,gastronomy,https://tco/xnEe3bgpEi,#flavourjournal,
Springer,Theses,Ser:,Advances,in,K-Means,Clustering,:,A,Data,Mining,Thinking,https://tco/uN1YBKj7iQ,https://tco/uZN7oTpvLi,
Advanced,Data,Mining,and,Applications,:,8th,International,Conference,,ADMA,https://tco/6KdjuhRuMI,https://tco/zVwrfWnEor,
Bill,Would,Prohibit,Data,Mining,On,Student,Apps,-,CBS,Local,https://tco/WDhNQRn5rc,
RT,@CBSDenver:,Bill,Would,Prohibit,Data,Mining,On,Student,Apps,https://tco/5DtND3jGH6,https://tco/V7u5r6KuZu,
Data,Mining,Indian,Recipes,Reveals,New,Food,Pairing,Phenomenon,https://tco/DvKQ0PB8bt,
#ODSC,#Boston,Meetup:,Data,Mining,Mining,Data:,the,Challenge,Behind,Supply,Chain,Data,,https://tco/SA4Nif3WSt,https://tco/fRjBUw2QKL,
Bill,Would,Prohibit,Data,Mining,On,Student,Apps,-,CBS,Local,https://tco/M0IqSOx8iS,
Learn,how,to,do,Data,Mining,using,IBM,SPSS,Modeler,-,https://tco/T0LuUqgjEP

#ibm,#spssmodeler,#modeler,https://tco/HZKldsEO4L,
Learn,how,to,do,Data,Mining,using,IBM,SPSS,Modeler,-,https://tco/T0LuUqgjEP

#ibm,#spssmodeler,#modeler,#datamining,#data,#sass,#software,
Learn,how,to,do,Data,Mining,using,IBM,SPSS,Modeler,-,https://tco/9kJ5LA7skP

#ibm,#spssmodeler,#modeler,#datamining,#data,#sass,#software,
Learn,how,to,do,Data,Mining,using,IBM,SPSS,Modeler,-,https://tco/dWpQnRhPgd

#ibm,#spssmodeler,#modeler,#datamining,#data,#sass,#software,
Biometric,System,and,Data,Analysis:,Design,,Evaluation,,and,Data,Mining,https://tco/EZO1lvIbZb,https://tco/ib7jGVjP1O,
Statistical,And,Machine-learning,Data,Mining:,Techniques,For,Better,Predicti,here,,https://tco/K9YK11ks85,#machinelearning,#machinelearnbot,
Bill,Would,Prohibit,Data,Mining,On,Student,Apps,https://tco/Ion7Z64Gst,
RT,@CBSDenver:,Bill,Would,Prohibit,Data,Mining,On,Student,Apps,https://tco/5DtND3jGH6,https://tco/V7u5r6KuZu,
Bill,Would,Prohibit,Data,Mining,On,Student,Apps,https://tco/5DtND3jGH6,https://tco/V7u5r6KuZu,
Data,Science,For,Business:,What,You,Need,To,Know,About,Data,Mining,And,Data-analytic,here,,https://tco/97T7foHYan,#bigdata,#machinelearnbot,
Mining,and,visualizing,usage,of,educational,systems,using,linked,data,https://tco/tlgALwziSJ,#TW06,
Bill,Would,Prohibit,Data,Mining,On,Student,Apps,-,CBS,Local,https://tco/XMOlt7GUts,
#Professional,#SQL,Data,Analysis\Mining,Cricket,Wireless,https://tco/mBwhsodpR8,
#data,#mining,Oculus,demos,a,VR,selfie,stick,and,personalized,avatars,https://tco/NjIxMQSgCW,#webscraping,https://tco/vNfzd7bOlQ,
RT,@legion_leaks:,Found,a,new,skill,while,data,mining:,Beauty,Charm,No,word,on,what,this,does,yet,Stay,tuned!,#warcraft,#legion,
RT,@esachse:,Data,Mining,and,Analytics,in,#Pharma:,Making,the,Most,of,New,Regulation,https://tco/PCMxEahJ8s,
China,trade,boosts,local,bourse:,The,Australian,stockmarket,follows,offshore,markets,higher,,as,bullish,data,o,https://tco/aBfVQX7osg,
Academic,and,Research,Positions,in,Data,Mining,and,Knowledge,Discovery,https://tco/Ya7TTuChsd,via,@kdnuggets,
co-editing,a,Springer,book,Towards,glass-box,data,mining,for,Big,and,Small,Data,Email,me,if,you'd,contribute,with,a,chapter,#www2016,
How,data,mining,and,data,warehousing,are,related,to,ERP?,For,more,information,https://tco/BFcKx6BEoy,
Bill,Would,Prohibit,Data,Mining,On,Student,Apps,-,CBS,Local,#mining,https://tco/L42x5ZWvOR,
Bill,Would,Prohibit,Data,Mining,On,Student,Apps,-,CBS,Local,#mining,https://tco/yqLMHm3ipk,
Bigger,issue,is,that,#openaccess,is,not,just,about,access,-,it's,also,enabling,seamless,sharing,,data,mining,reuse,https://tco/JiIYDFv4v0,
Retweeted,Keith,W,Jenkins,(@keithwj):

Watching,Pi,by,@DarrenAronofsky,Data,mining,on,drugs,There's,math,https://tco/8Lf0qp7OYM,
RT,@keithwj:,Watching,Pi,by,@DarrenAronofsky,Data,mining,on,drugs,There's,math,everywhere!,https://tco/Knluff1etm,
Simply,the,best,,Most,Secure,Internet,Search,Experience,You,have,ever,had,No,Data,Mining,,or,Tracking,of,any,kind,https://tco/38z2DtjYhL,
Watching,Pi,by,@DarrenAronofsky,Data,mining,on,drugs,There's,math,everywhere!,https://tco/Knluff1etm,
Dr,Drew,Wassel,,Chief,Innovator,and,Inventor,of,#MiDROPS,working,on,formulation,screening,data,mining!,#ARVO2016,https://tco/dY9EhuuR4y,
Really,don't,like,the,idea,of,selling,hardware,that's,subsidized,by,advertising,,a,little,too,overt,with,the,data,mining,for,my,taste,
Tomorrow,is,the,SF,Data,Mining,meetup,It,should,be,fun:,https://tco/0KziyfIXGV,
#data,#mining,House,committee,votes,unanimously,for,Email,Privacy,Act,https://tco/XhDg3Sxaod,#webscraping,https://tco/VXHNmgxwyh,
@ShellenbergerMD,@GreenHejira,@Greenpeace,Data,is,pre,#Fukushima,Does,it,include,#Uranium,mining,contamination,deathsFull,Storage,costs,
[new,ways,to,listen&amp;understand],incl,data,mining,,visualization,,shifting,identity,frameworks,,specul,design,&amp;games,https://tco/g9sW10Pr4l,
Data,Mining,Mining,Data:,the,Challenge,Behind,Supply,Chain,Data,at,#ODSC,#Boston,meetup,https://tco/SA4NiflxK1,https://tco/TJNQAbGfQM,
Are,you,at,the,#ODSC,Boston,Meetup?,Tweet,us!,https://tco/SA4Nif3WSt,https://tco/R9FLK7cSwv,
#data,#mining,Shopify,gets,into,chatbots,with,acquisition,of,Kit,CRM,https://tco/ThDVZqETvx,#webscraping,https://tco/1YgZ7wN9Bl,
Principles,Of,Data,Mining,(undergraduate,Topics,In,Computer,Science),here,,https://tco/ytJ1CLnW93,#datamining,#machinelearnbot,
Data,Mining,Mining,Data:,the,Challenge,Behind,Supply,Chain,Data,,https://tco/SA4NiflxK1,#ODSC,#Boston,https://tco/riz70CXEeB,
New,Post:,,Did,some,data,mining,today,and,I,found,these,interesting,files,https://tco/cWVsqI0oC1,
Network,analysis,and,data,mining,in,food,science:,the,emergence,of,computational,gastronomy,https://tco/xnEe3bgpEi,#flavourjournal,
Springer,Theses,Ser:,Advances,in,K-Means,Clustering,:,A,Data,Mining,Thinking,https://tco/uN1YBKj7iQ,https://tco/uZN7oTpvLi,
Advanced,Data,Mining,and,Applications,:,8th,International,Conference,,ADMA,https://tco/6KdjuhRuMI,https://tco/zVwrfWnEor,
Bill,Would,Prohibit,Data,Mining,On,Student,Apps,-,CBS,Local,https://tco/WDhNQRn5rc,
RT,@CBSDenver:,Bill,Would,Prohibit,Data,Mining,On,Student,Apps,https://tco/5DtND3jGH6,https://tco/V7u5r6KuZu,
Data,Mining,Indian,Recipes,Reveals,New,Food,Pairing,Phenomenon,https://tco/DvKQ0PB8bt,
#ODSC,#Boston,Meetup:,Data,Mining,Mining,Data:,the,Challenge,Behind,Supply,Chain,Data,,https://tco/SA4Nif3WSt,https://tco/fRjBUw2QKL,
Bill,Would,Prohibit,Data,Mining,On,Student,Apps,-,CBS,Local,https://tco/M0IqSOx8iS,
Learn,how,to,do,Data,Mining,using,IBM,SPSS,Modeler,-,https://tco/T0LuUqgjEP

#ibm,#spssmodeler,#modeler,https://tco/HZKldsEO4L,
Learn,how,to,do,Data,Mining,using,IBM,SPSS,Modeler,-,https://tco/T0LuUqgjEP

#ibm,#spssmodeler,#modeler,#datamining,#data,#sass,#software,
Learn,how,to,do,Data,Mining,using,IBM,SPSS,Modeler,-,https://tco/9kJ5LA7skP

#ibm,#spssmodeler,#modeler,#datamining,#data,#sass,#software,
Learn,how,to,do,Data,Mining,using,IBM,SPSS,Modeler,-,https://tco/dWpQnRhPgd

#ibm,#spssmodeler,#modeler,#datamining,#data,#sass,#software,
Biometric,System,and,Data,Analysis:,Design,,Evaluation,,and,Data,Mining,https://tco/EZO1lvIbZb,https://tco/ib7jGVjP1O,
Statistical,And,Machine-learning,Data,Mining:,Techniques,For,Better,Predicti,here,,https://tco/K9YK11ks85,#machinelearning,#machinelearnbot,
Bill,Would,Prohibit,Data,Mining,On,Student,Apps,https://tco/Ion7Z64Gst,
RT,@CBSDenver:,Bill,Would,Prohibit,Data,Mining,On,Student,Apps,https://tco/5DtND3jGH6,https://tco/V7u5r6KuZu,
Bill,Would,Prohibit,Data,Mining,On,Student,Apps,https://tco/5DtND3jGH6,https://tco/V7u5r6KuZu,
Data,Science,For,Business:,What,You,Need,To,Know,About,Data,Mining,And,Data-analytic,here,,https://tco/97T7foHYan,#bigdata,#machinelearnbot,
Mining,and,visualizing,usage,of,educational,systems,using,linked,data,https://tco/tlgALwziSJ,#TW06,
Bill,Would,Prohibit,Data,Mining,On,Student,Apps,-,CBS,Local,https://tco/XMOlt7GUts,
#Professional,#SQL,Data,Analysis\Mining,Cricket,Wireless,https://tco/mBwhsodpR8,
#data,#mining,Oculus,demos,a,VR,selfie,stick,and,personalized,avatars,https://tco/NjIxMQSgCW,#webscraping,https://tco/vNfzd7bOlQ,
RT,@legion_leaks:,Found,a,new,skill,while,data,mining:,Beauty,Charm,No,word,on,what,this,does,yet,Stay,tuned!,#warcraft,#legion,
RT,@esachse:,Data,Mining,and,Analytics,in,#Pharma:,Making,the,Most,of,New,Regulation,https://tco/PCMxEahJ8s,
Customer,Experience,Text-Mining,to,Find,Gold,Nuggets,https://tco/71QmluKnG6,via,@Bob_Thompson,#cxm,
RT,@AIProfiles:,Difference,between,natural,language,processing,and,text,mining,(Apr-2016),https://tco/priiyZsfDV,https://tco/LCbbcKZh0S,
Summarization,,text,analysis,,entity,extraction,and,opinion,mining,REST,API:,,,submitted,by,,,,/u/dmitryzac,,[,https://tco/VcL0w8NqiC,
Summarization,,text,analysis,,entity,extraction,and,opinion,mining,REST,API:,,,submitted,by,,,,/u,https://tco/hFcNEqW5uJ,#Programming,
Summarization,,text,analysis,,entity,extraction,and,opinion,mining,REST,API,https://tco/5IN2CCd372,#Programming,
tidytext:,Text,mining,using,#dplyr,,#ggplot2,,and,other,tidy,tools,https://tco/uJilmOvgcf,by,@juliasilge,#coding,https://tco/5j8nfCjfoB,
I,need,a,switch,to,get,used,to,all,the,software,I,am,learning,to,do,text,mining,,sentiment,analysis,and,of,course,,data,mining#analyticlife,
RT,@AIProfiles:,Difference,between,natural,language,processing,and,text,mining,(Apr-2016),https://tco/priiyZsfDV,https://tco/LCbbcKZh0S,
RT,@AIProfiles:,Difference,between,natural,language,processing,and,text,mining,(Apr-2016),https://tco/priiyZsfDV,https://tco/LCbbcKZh0S,
RT,@nmsoftware:,Our,text-mining,and,reaction,naming,gets,the,thumbs,up,from,@Dereklowe
https://tco/sShcfhtTp1,
The,Data,Science,KC,meetup,is,hosting,the,Text,Mining,FOMC,Transcripts,on,Monday,Be,there:,https://tco/IJKTCXohMl,
Katy,Funk,of,PubMedCentral:,historical,scanned,PDFs,have,been,OCRed!,BMJ,back,files,available,for,text,mining,Awesome!,#medhistws,
Looks,like,@TheContentMine,for,scientific,text,mining,is,coming,along,just,fine:
https://tco/hIIot0t5wt
Wondering,about,humanities,uses,
@j_w_baker,ta,Any,plans,to,ressurect,this,work?,Did,you,ever,use,the,Jstor,text,mining,facilities?,
Lisanne,Walma,uses,text,mining,as,tool,to,study,Dutch,public,perceptions,of,Morphine,#medhistws,#LightningRound,https://tco/68ryeU2ofS,
Lisanne,Walma,uses,text,mining,as,tool,to,study,Dutch,public,perceptions,of,Morphine,#medhistws,#LightningRound,https://tco/89dsld3FAb,
RT,@antalvdb:,Announcing,the,Text,Mining,Hackathon,https://tco/FnH41EKx3I,
RT,@antalvdb:,Announcing,the,Text,Mining,Hackathon,https://tco/FnH41EKx3I,
Announcing,the,Text,Mining,Hackathon,https://tco/FnH41EKx3I,
@ak3860,@EBriceJr,text,mining,is,used,to,analyze,and,numericize,words/groups,of,words,to,make,them,usable,in,data,mining,algorithms,#DSE16,
Announcing,the,Text,Mining,Hackathon,|,The,Data,Science,Community,https://tco/8KOPLNXZAT,
Business,benefits,of,text,mining,https://tco/kWsyXKWopH,
what,is,the,downside,of,black-box,approach,in,text,mining?,@sbr341,@maggiilee,#dse16,
Learn,how,to,unravel,hidden,potential,of,business,data,using,text,mining,https://tco/7DgnW8Rnhm,#textmining,https://tco/dP0GSMhiaN,
Do,the,texts,have,to,be,structured,in,text,mining?,@RuiSuYC,@Himes_Resekzas,#dse16,
How,does,text,mining,work?,@EBriceJr,@coollikeabreeze,#dse16,
@j_w_baker,Did,you,write,an,article,or,some,blog,posts,abt,text,mining,history,journals?,Having,a,hazy,memory,moment,
#Text,#Analytics,to,the,Rescue,[INFOGRAPHIC],https://tco/19BxZ9q9Yq,#text,#mining,
#Text,#Analytics,to,the,Rescue,[INFOGRAPHIC],https://tco/YA1z44HAYY,#text,#mining,
RT,@Linguamatics:,April,25-27,#CambridgeUK,,Europe's,#TextMining,in,#LifeScience,#Healthcare,event:,#LMSpring16,https://tco/kutagPgd2m,
RT,@Linguamatics:,April,25-27,#CambridgeUK,,Europe's,#TextMining,in,#LifeScience,#Healthcare,event:,#LMSpring16,https://tco/kutagPgd2m,
Text,mining,your,customer,feedback,for,patterns,https://tco/lfHj5U2eZG,
Our,text-mining,and,reaction,naming,gets,the,thumbs,up,from,@Dereklowe
https://tco/sShcfhtTp1,
Good,analysis,(in,FR),of,latest,developments,regarding,#copyright,debate,and,exception,for,#TDM,Text,Data,Mining,https://tco/7RYZK5L1V7,
Euroclear,Text,Mining,Hackathon,-,https://tco/TgNNhjGKqF,https://tco/gnmH39C9c3,
Mining,Text,to,Pinpoint,Customer,Reactions,to,Products,on,Vimeo,https://tco/wgMRVvzDZJ,
Data,Mining,in,the,Mountains,of,Rich,Text,(slides,images),#ibm,#dataviz,#entwicklercamp,https://tco/kDOtT0LLlw,
RT,@DataScienceBe:,Announcing,the,Text,Mining,Hackathon,by,@DataScienceBe,on,@LinkedIn,https://tco/ma5G4VDbKI,
Top,23,free,#software,for,#textanalysis,,text,#mining,and,text,#analytics

https://tco/lm9ri1beop,https://tco/W2WGTuV1FC,
Announcing,the,Text,Mining,Hackathon,https://tco/z7zKoxAggr,
RT,@DataScienceBe:,Announcing,the,Text,Mining,Hackathon,by,@DataScienceBe,on,@LinkedIn,https://tco/ma5G4VDbKI,
RT,Linguamatics:,April,25-27,#CambridgeUK,,Europe's,#TextMining,in,#LifeScience,#Healthcare,event:,#LMSpring16,https://tco/jwokNpQHI6,
RT,@DataScienceBe:,Announcing,the,Text,Mining,Hackathon,by,@DataScienceBe,on,@LinkedIn,https://tco/ma5G4VDbKI,
RT,@DataScienceBe:,Announcing,the,Text,Mining,Hackathon,by,@DataScienceBe,on,@LinkedIn,https://tco/ma5G4VDbKI,
Announcing,the,Text,Mining,Hackathon,by,@DataScienceBe,on,@LinkedIn,https://tco/ma5G4VDbKI,
Announcing,the,Text,Mining,Hackathon,on,unstructured,financial,legal,documentation,https://tco/zAzUs3dlbC,https://tco/Hhs2ZMab70,
Announcing,the,Text,Mining,Hackathon,on,unstructured,financial,legal,documentation,https://tco/xnBfwcVotc,https://tco/CE0DirVOiH,
Announcing,the,Text,Mining,Hackathon,on,unstructured,financial,legal,documentation,https://tco/33XhD8LNa3,https://tco/lnDW3fCdDw,
Announcing,the,Text,Mining,Hackathon,on,unstructured,financial,legal,documentation,https://tco/GcYZ9IncHq,https://tco/wWtN5HtqCU,
Announcing,the,Text,Mining,Hackathon,on,unstructured,financial,legal,documentation,https://tco/BsF8ECplsu,https://tco/YlaySXpNIO,
April,25-27,#CambridgeUK,,Europe's,#TextMining,in,#LifeScience,#Healthcare,event:,#LMSpring16,https://tco/kutagPgd2m,
#Natural,#language,processing,and,text,mining:,discover,the,main,differences,https://tco/pzGi1lofBY,
Did,you,know,#TextMining,techniques,can,separate,incoming,#emails,auto-forward,to,respective,teams?,Discover,@,https://tco/sPrGl8epvl,
#OpenMinTed:,new,#EU,#project,for,#text,and,#data,#mining,Behind,the,scenes,|,https://tco/xZ5NdZWgRi,#scientific,#publications,
Lead,#Data,Scientist,+,#expert,@rmforte,to,present,Text,Mining,for,Fun,and,Profit,@,#D360gr,Data,360,Forum,,April,18,in,#Athens!,@Workable,
Glyco,and,text,mining,workshop,https://tco/62ZiQaIMI6,
RT,@AIProfiles:,Difference,between,natural,language,processing,and,text,mining,(Apr-2016),https://tco/priiyZsfDV,https://tco/LCbbcKZh0S,
#Hiring,for,Manager,Text,Mining,#ConsultingJobs,#advancedexcel,#powerpoint,#minimalsupervision,#career,|,Apply,Now,https://tco/abui1MXhNk,
April,18th:,Data,Science,KC,-,Text,Mining,FOMC,Transcripts,https://tco/kd2Yc6E0Jc,
@monimunozto,that,+,false,negatives,from,text,mining,abstracts,are,a,pain,
Free,Webinar,on,#Textmining,Voice-of-the-Customer,Data,fr,multiple,channels,Register,here!
https://tco/y6rlNzjFaD,https://tco/8yPI9dTvdy,
We,also,make,the,case,for,#openaccess,in,the,context,of,wider,copyright,reform,and,advancing,text,and,data,mining,capabilities,
@KatKearnan,@fredreiss,we,know,good,text,mining,runs,on,good,coffee!,
RT,@griffiemma:,RR-E:,We,think,text,mining,drives,analysis,and,curation,rides,shotgun,,but,curation,drives,text,mining,decisions,#ISB2016,
Mining,Text,to,Pinpoint,Customer,Reactions,to,Products,https://tco/Go604klp6U,https://tco/Jvb9VLMSt6,
@stuartjones22,thanks,Stuart!,We're,being,shown,how,to,use,text,mining,to,see,where,search,terms,coalesce,in,#19thC,journals,:),#medhistws,
Advances,In,Knowledge,Acquisition:,9th,European,Knowledge,Acquisition,Workshop,,E,here,,https://tco/NymS01xtRQ,#datamining,#machinelearnbot,
#datamining,House,committee,votes,unanimously,for,Email,Privacy,Act,https://tco/QOwjVlhzN1,#scraping,#business,https://tco/8MGLLlMCIl,
#datamining,Shopify,gets,into,chatbots,with,acquisition,of,Kit,CRM,https://tco/D6Als2JUTf,#scraping,#business,https://tco/744mxmCmmv,
#datamining,Veteran,Apple,designer,leaves,for,GoPro,to,be,VP,of,Design,https://tco/k2sZgqEdRX,#scraping,#business,https://tco/d7wakuDb33,
MT,@kdnuggets:,#DataMining,Course,#KDN,https://tco/nNOfrWMS3G,
Principles,Of,Data,Mining,(undergraduate,Topics,In,Computer,Science),here,,https://tco/ytJ1CLnW93,#datamining,#machinelearnbot,
This,is,a,process/workflow,I,like,to,use,#Datamining,v,#NLP,#data,#personaldata,https://tco/mkXoDOkqoZ,
Learn,how,to,do,Data,Mining,using,IBM,SPSS,Modeler,-,https://tco/T0LuUqgjEP

#ibm,#spssmodeler,#modeler,#datamining,#data,#sass,#software,
Learn,how,to,do,Data,Mining,using,IBM,SPSS,Modeler,-,https://tco/9kJ5LA7skP

#ibm,#spssmodeler,#modeler,#datamining,#data,#sass,#software,
Learn,how,to,do,Data,Mining,using,IBM,SPSS,Modeler,-,https://tco/dWpQnRhPgd

#ibm,#spssmodeler,#modeler,#datamining,#data,#sass,#software,
5,Companies,Secretly,Tracking,You,Right,Now,https://tco/aYgxh4NlXY,#DataMining,#Spyware,#Technology,#Metadata,https://tco/aJQgS6yiim,
Fascinating!,@V_Errecarte,sharing,abt,Facebook,#PowerEditor,for,targeted,ads,#datamining,#customaudiences,Tools,for,greater,#impact,#reach,
RT,@nlppeople:,#DataMining,#job,:,PhD,scholarship,on,Conversational,Search,-,London,,United,Kingdom,https://tco/horjzq0g4A,#nlppeople,
#DataMining,#job,:,PhD,scholarship,on,Conversational,Search,-,London,,United,Kingdom,https://tco/horjzq0g4A,#nlppeople,
RT,@EdKwedar:,100,Active,Blogs,on,#Analytics,#BigData,#DataMining,#DataScience,#MachineLearning,#ML,#M2M,#AI,#BI,https://tco/JdZQqyuAtK,
100,Active,Blogs,on,#Analytics,#BigData,#DataMining,#DataScience,#MachineLearning,#ML,#M2M,#AI,#BI,https://tco/JdZQqyuAtK,
#datamining,Threaded,messaging,is,coming,to,Slack,https://tco/pAJnk1thpN,#scraping,#business,https://tco/vG5WqpokXQ,
Did,you,know,that,most,firms,only,use,half,of,their,on-hand,storage?,
#dataexplosion,#datamining,#publiccloud,https://tco/wt4Ghma8W0,
Did,you,know,that,most,firms,only,use,half,of,their,on-hand,storage?,
#dataexplosion,#datamining,#publiccloud,https://tco/yhuQkdDOLw,
Did,you,know,that,most,firms,only,use,half,of,their,on-hand,storage?,
#dataexplosion,#datamining,#publiccloud,https://tco/AYmWmwJ9Iy,
Did,you,know,that,most,firms,only,use,half,of,their,on-hand,storage?,
#dataexplosion,#datamining,#publiccloud,https://tco/1YW9Kn8JrK,
Did,you,know,that,most,firms,only,use,half,of,their,on-hand,storage?,
#dataexplosion,#datamining,#publiccloud,https://tco/Ols8houqiC,
Did,you,know,that,most,firms,only,use,half,of,their,on-hand,storage?,
#dataexplosion,#datamining,#publiccloud,https://tco/V8fAlr1FW8,
Did,you,know,that,most,firms,only,use,half,of,their,on-hand,storage?,
#dataexplosion,#datamining,#publiccloud,https://tco/CWe8HrWvXs,
Did,you,know,that,most,firms,only,use,half,of,their,on-hand,storage?,
#dataexplosion,#datamining,#publiccloud,https://tco/k5VBzXlJ2X,
Did,you,know,that,most,firms,only,use,half,of,their,on-hand,storage?,
#dataexplosion,#datamining,#publiccloud,https://tco/j9WhBsPkVS,
Did,you,know,that,most,firms,only,use,half,of,their,on-hand,storage?,
#dataexplosion,#datamining,#publiccloud,https://tco/KDjCPCbGF7,
Did,you,know,that,most,firms,only,use,half,of,their,on-hand,storage?,
#dataexplosion,#datamining,#publiccloud,https://tco/9tZWmJuAfK,
Did,you,know,that,most,firms,only,use,half,of,their,on-hand,storage?,
#dataexplosion,#datamining,#publiccloud,https://tco/SJOQLBmj2M,
Did,you,know,that,most,firms,only,use,half,of,their,on-hand,storage?,
#dataexplosion,#datamining,#publiccloud,https://tco/13bGFURNJK,
Did,you,know,that,most,firms,only,use,half,of,their,on-hand,storage?,
#dataexplosion,#datamining,#publiccloud,https://tco/MHocxLWr30,
Did,you,know,that,most,firms,only,use,half,of,their,on-hand,storage?,
#dataexplosion,#datamining,#publiccloud,https://tco/Gbr6Idc56O,
Java,Data,Mining:,Strategy,,Standard,,And,Practice:,A,Practical,Guide,For,Archite,here,,https://tco/oeXaamkkA6,#datamining,#machinelearnbot,
Did,you,know,that,most,firms,only,use,half,of,their,on-hand,storage?,
#dataexplosion,#datamining,#publiccloud,https://tco/RNeG4vCHgo,
Did,you,know,that,most,firms,only,use,half,of,their,on-hand,storage?,
#dataexplosion,#datamining,#publiccloud,https://tco/umNDoH0e9d,
#datamining,Announcing,the,Disrupt,NY,2016,Agenda,https://tco/Hk0Ri6WYD2,#scraping,#business,https://tco/f7ze70xYST,
Did,you,know,that,most,firms,only,use,half,of,their,on-hand,storage?,
#dataexplosion,#datamining,#publiccloud,https://tco/BFjJ3kjxjm,
Did,you,know,that,most,firms,only,use,half,of,their,on-hand,storage?,
#dataexplosion,#datamining,#publiccloud,https://tco/hubdRznRns,
Did,you,know,that,most,firms,only,use,half,of,their,on-hand,storage?,
#dataexplosion,#datamining,#publiccloud,https://tco/TcGQCGIz0M,
Cuda,Application,Design,And,Development,here,,https://tco/HftSns08eZ,#datamining,#machinelearnbot,
TD:,#DataScientist,,deep,understanding,of,#datamining,,#analytical,techniques,#Toronto,#Job,https://tco/8FDilk3iI7,https://tco/x1RkvKcUMY,
Did,you,know,that,most,firms,only,use,half,of,their,on-hand,storage?,
#dataexplosion,#datamining,#publiccloud,https://tco/89eMsGmK2R,
Did,you,know,that,most,firms,only,use,half,of,their,on-hand,storage?,
#dataexplosion,#datamining,#publiccloud,https://tco/kT6HqjTNop,
Did,you,know,that,most,firms,only,use,half,of,their,on-hand,storage?,
#dataexplosion,#datamining,#publiccloud,https://tco/XJB6IoOv7H,
RT,@kdnuggets:,About,KDnuggets,,#Analytics,,#BigData,,#DataMining,and,#DataScience,leader,#KDN,https://tco/opqAxQYR1n,
Did,you,know,that,most,firms,only,use,half,of,their,on-hand,storage?,
#dataexplosion,#datamining,#publiccloud,https://tco/itCXlEISJl,
RT,@kdnuggets:,About,KDnuggets,,#Analytics,,#BigData,,#DataMining,and,#DataScience,leader,#KDN,https://tco/opqAxQYR1n,
Did,you,know,that,most,firms,only,use,half,of,their,on-hand,storage?,
#dataexplosion,#datamining,#publiccloud,https://tco/RyPj016H13,
Did,you,know,that,most,firms,only,use,half,of,their,on-hand,storage?,
#dataexplosion,#datamining,#publiccloud,https://tco/GenQtMSACu,
Did,you,know,that,most,firms,only,use,half,of,their,on-hand,storage?,
#dataexplosion,#datamining,#publiccloud,https://tco/Ayes9NhPhH,
Did,you,know,that,most,firms,only,use,half,of,their,on-hand,storage?,
#dataexplosion,#datamining,#publiccloud,https://tco/LDPoRO8cSP,
Operational,Risk,Control,With,Basel,Ii:,Basic,Principles,And,Capital,Requirements,here,,https://tco/fevuKatRGt,#datamining,#machinelearnbot,
Did,you,know,that,most,firms,only,use,half,of,their,on-hand,storage?,
#dataexplosion,#datamining,#publiccloud,https://tco/ReoZz3gZfb,
Not,your,typical,data,lake,https://tco/vvk4mhafWS,#semanticweb,#Integration,#datamanagement,#datamining,
Did,you,know,that,most,firms,only,use,half,of,their,on-hand,storage?,
#dataexplosion,#datamining,#publiccloud,https://tco/Akdcey97gV,
Did,you,know,that,most,firms,only,use,half,of,their,on-hand,storage?,
#dataexplosion,#datamining,#publiccloud,https://tco/x2QuJODXQL,
RT,@Xendat:,Stackspace,Releases,SaaS,Big,Data,Analytics,Platform,https://tco/qAZmXhSayh
#BigData,#Analytics,#DataScience,#DataMining,#data,
Did,you,know,that,most,firms,only,use,half,of,their,on-hand,storage?,
#dataexplosion,#datamining,#publiccloud,https://tco/CDAvPPhsQu,
Did,you,know,that,most,firms,only,use,half,of,their,on-hand,storage?,
#dataexplosion,#datamining,#publiccloud,https://tco/IF9a7sIzEl,
Did,you,know,that,most,firms,only,use,half,of,their,on-hand,storage?,
#dataexplosion,#datamining,#publiccloud,https://tco/2D8L3xWzms,
Did,you,know,that,most,firms,only,use,half,of,their,on-hand,storage?,
#dataexplosion,#datamining,#publiccloud,https://tco/yvSTeNKLQc,
Did,you,know,that,most,firms,only,use,half,of,their,on-hand,storage?,
#dataexplosion,#datamining,#publiccloud,https://tco/N26IUxfGoa,
Did,you,know,that,most,firms,only,use,half,of,their,on-hand,storage?,
#dataexplosion,#datamining,#publiccloud,https://tco/YHsfiVGLby,
Did,you,know,that,most,firms,only,use,half,of,their,on-hand,storage?,
#dataexplosion,#datamining,#publiccloud,https://tco/vz7v2KqeA6,
#datamining,Oculus,demos,a,VR,selfie,stick,https://tco/o8VR80LTpN,#scraping,#business,https://tco/I0YFjxyBJM,
Did,you,know,that,most,firms,only,use,half,of,their,on-hand,storage?,
#dataexplosion,#datamining,#publiccloud,https://tco/8BAX4tcZ9k,
Did,you,know,that,most,firms,only,use,half,of,their,on-hand,storage?,
#dataexplosion,#datamining,#publiccloud,https://tco/e4SwQDFh3j,
Did,you,know,that,most,firms,only,use,half,of,their,on-hand,storage?,
#dataexplosion,#datamining,#publiccloud,https://tco/VtQ5Dxa1O7,
Did,you,know,that,most,firms,only,use,half,of,their,on-hand,storage?,
#dataexplosion,#datamining,#publiccloud,https://tco/nXfx1C4bbe,
RT,@doe_jgi:,Another,of,our,#metagenomics,#datamining,effort,cited,by,Natalia,Ivanova,https://tco/DwNyKp9Kxd,@ESnetUpdates,#ccbio16,
Another,of,our,#metagenomics,#datamining,effort,cited,by,Natalia,Ivanova,https://tco/DwNyKp9Kxd,@ESnetUpdates,#ccbio16,
Did,you,know,that,most,firms,only,use,half,of,their,on-hand,storage?,
#dataexplosion,#datamining,#publiccloud,https://tco/w2jqKb0vtR,
Did,you,know,that,most,firms,only,use,half,of,their,on-hand,storage?,
#dataexplosion,#datamining,#publiccloud,https://tco/yvhBuap3vN,
Did,you,know,that,most,firms,only,use,half,of,their,on-hand,storage?,
#dataexplosion,#datamining,#publiccloud,https://tco/oXxbmvpvV8,
Stackspace,Releases,SaaS,Big,Data,Analytics,Platform,https://tco/qAZmXhSayh
#BigData,#Analytics,#DataScience,#DataMining,#data,
Did,you,know,that,most,firms,only,use,half,of,their,on-hand,storage?,
#dataexplosion,#datamining,#publiccloud,https://tco/Q6mr5ZaLPh,
Did,you,know,that,most,firms,only,use,half,of,their,on-hand,storage?,
#dataexplosion,#datamining,#publiccloud,https://tco/9cYTsjsTRl,
Did,you,know,that,most,firms,only,use,half,of,their,on-hand,storage?,
#dataexplosion,#datamining,#publiccloud,https://tco/8ZXRNepci7,
Did,you,know,that,most,firms,only,use,half,of,their,on-hand,storage?,
#dataexplosion,#datamining,#publiccloud,https://tco/gIRjBq3VHA,
People,,as,much,as,tech,,determine,data,analytics,success
https://tco/drhytkQglm
#BigData,#Analytics,#DataScience,#DataMining,#data,
Did,you,know,that,most,firms,only,use,half,of,their,on-hand,storage?,
#dataexplosion,#datamining,#publiccloud,https://tco/Cg3RpYtaeg,
Talking,at,#ODSC,meetup,@Twitter,in,#London,about,#textmining,and,#networkgraph,#datascience,#KNIME,#python,https://tco/sBRMb6srtW,
Learn,how,to,unravel,hidden,potential,of,business,data,using,text,mining,https://tco/7DgnW8Rnhm,#textmining,https://tco/dP0GSMhiaN,
RT,@Linguamatics:,April,25-27,#CambridgeUK,,Europe's,#TextMining,in,#LifeScience,#Healthcare,event:,#LMSpring16,https://tco/kutagPgd2m,
RT,@Linguamatics:,April,25-27,#CambridgeUK,,Europe's,#TextMining,in,#LifeScience,#Healthcare,event:,#LMSpring16,https://tco/kutagPgd2m,
RT,@dr_greg_landrum:,How,do,we,make,the,compounds,we,care,about?
https://tco/459w7qw7Gm
@RDKit_org,#TextMining,#patents,#chemistry,
RT,Linguamatics:,April,25-27,#CambridgeUK,,Europe's,#TextMining,in,#LifeScience,#Healthcare,event:,#LMSpring16,https://tco/jwokNpQHI6,
April,25-27,#CambridgeUK,,Europe's,#TextMining,in,#LifeScience,#Healthcare,event:,#LMSpring16,https://tco/kutagPgd2m,
Words,w/,multiple,meanings,are,always,difficult,when,making,#text,#Analytics,#textmining,#BigData,#sentimentanalysis,https://tco/CDRlgDU4oX,
Did,you,know,#TextMining,techniques,can,separate,incoming,#emails,auto-forward,to,respective,teams?,Discover,@,https://tco/sPrGl8epvl,
How,to,extract,tweets,using,twitteR,?,https://tco/rogtGInCj5,via,@wordpressdotcom,#Rinspect,#textMining,
You,have,until,24,April,to,submit,your,papers,on,#textmining,#datamining,for,#wosp2016,https://tco/edR2HBsE18,https://tco/ymLWp0CtRg,
Free,Webinar,on,#Textmining,Voice-of-the-Customer,Data,fr,multiple,channels,Register,here!
https://tco/y6rlNzjFaD,https://tco/8yPI9dTvdy,
Great,survey,of,word,embeddings,https://tco/pw0ZvNwiY5,#textmining,#deeplearning,#NLP,RT,@TextMining_r,
Know,how,to,extract,and,relate,human,sentiments,using,#TextMining:,https://tco/OCpa4mw2pk,by,@fractalites,https://tco/xYoa6GFFMu,
Sad,outcome,but,amazing,research,about,the,Guardian,comments:,https://tco/WwyM13hTXa,#Textmining,is,getting,big!,
RT,@dr_greg_landrum:,How,do,we,make,the,compounds,we,care,about?
https://tco/459w7qw7Gm
@RDKit_org,#TextMining,#patents,#chemistry,
RT,@dr_greg_landrum:,How,do,we,make,the,compounds,we,care,about?
https://tco/459w7qw7Gm
@RDKit_org,#TextMining,#patents,#chemistry,
RT,@dr_greg_landrum:,How,do,we,make,the,compounds,we,care,about?
https://tco/459w7qw7Gm
@RDKit_org,#TextMining,#patents,#chemistry,
Alba,Gutierrez,Sacristan,talking,about,#textmining,,#biocuration,,and,data,integration,in,psych,disease:
https://tco/FcH75PzDwy
#isb2016,
How,do,we,make,the,compounds,we,care,about?
https://tco/459w7qw7Gm
@RDKit_org,#TextMining,#patents,#chemistry,
Everyday,new,people,are,hearing,about,#TextMining,and,#DataAnalytics,for,the,first,time:,https://tco/dM0l5EcyRh,https://tco/plUWii6AZt,
RT,@MarkTabNet:,9,statistics,that,explain,the,magnitude,of,the,Panama,Papers,https://tco/F94sO4kaQV
#textmining,#datascience,@sqlpass,
The,Dirty,Little,Secret,of,Text,Analysis,https://tco/8tHZxdNagc,,#SOCAP,#TextAnalytics,#textmining,#data,#bigdata,
Know,how,to,extract,and,relate,human,sentiments,using,#TextMining:,https://tco/0KILjJ2MWB,by,@fractalites,https://tco/un925YpETE,
Why,We,Love,#Semantics,in,IT,Security,(And,You,Should,,Too!),https://tco/NM1IOfDJjm,#ML,#textmining,#bigdata,https://tco/aJsou8TS5n,
Know,how,to,extract,and,relate,human,sentiments,using,#TextMining:,https://tco/TCArgyne4S,by,@fractalites,https://tco/MbFLW4Xj0d,
#TextMining,and,Agriculture:,The,AgroNLP,projects,https://tco/FvHEwC1bpF,
Possible,session,at,#Measurecamp,#Newcastle,(21May,@campusnorthuk):,Sentiment,analysis,business,value?,#textmining,https://tco/Co2aPKlnyY,
Why,Text,Mining,will,Revolutionize,Big,Data,in,Biotech
#textmining,#DataAnalytics,#BigData,
https://tco/7RREkWpwIr,https://tco/FpboQ9WTXo,
Imminent,influx,of,#immunotherapy,and,similarity,across,#AACR16,abstracts,

Cool,#dataviz,#textmining,by,@Sagebio,https://tco/Yakgzkwe2c,
|,@BigDataTweetBot,,@Linguamatics:,How,often,do,you,hear,that,80%,of,#BigData,lies,in,unstructured,text?,Video,on,#TextMining,for,Beginners,
How,often,do,you,hear,that,80%,of,#bigdata,lies,in,unstructured,text?,Video,on,#TextMining,for,Beginners,https://tco/sKiVd6bLW3,
An,Introduction,to,#TextAnalytics,via,#SherlockHolmes,@KDnuggets,https://tco/WzonGPP2E0,,#NLP,#textmining,#TFIDF,https://tco/S3qHqX4fdE,
How,can,you,use,#textmining,to,measure,your,#brand,influence,on,twitter?,https://tco/2xx3uTvHni,#analytics,https://tco/ZN3kCUFjrW,
Know,how,to,extract,and,relate,human,sentiments,using,#TextMining:,https://tco/utYymhK7aG,by,@fractalites,https://tco/qwtZINAkX7,
Are,you,in,London,next,week,?,Join,us,to,discuss,#textmining,in,research,and,publishing,#opendata,#openscience,https://tco/cauTCg6pVz,
Lots,of,interesting,workshops,in,#digitalhumanities,+,#textmining,for,humanities,@#esudh,summer,uni,#Leipzig,in,July,https://tco/f8XsIaWZyy,
Planning,to,visit,The,London,Book,Fair,?,Why,not,attend,FutureTDM,#textmining,,#publishing,and,#openaccess,https://tco/cauTCg6pVz,,#LBF16,
Keyword,search,finds,documents,containing,keywords,#TextMining,extracts,concepts,and,relationships,https://tco/tc3eRHVQIo,
Know,how,to,extract,and,relate,human,sentiments,using,#TextMining:,https://tco/Mf0TsC1YgO,by,@fractalites,https://tco/ejkcOLAYvK,
Know,how,to,extract,and,relate,human,sentiments,using,#TextMining:,https://tco/WErTnw4qcX,by,@fractalites,https://tco/bla3YyrRKI,
How,Often,Should,You,Track,Your,Customer,Experience,Levels?,https://tco/fXmJ8hAgbI,,#analytics,#textmining,#datascience,#SaaS,#SolaaS,
Know,how,to,extract,and,relate,human,sentiments,using,#TextMining:,https://tco/47IaPSTJzr,by,@fractalites,https://tco/K1fmG0W41D,
Know,how,to,extract,and,relate,human,sentiments,using,#TextMining:,https://tco/vOdhz4stoh,by,@fractalites,https://tco/cAoT8e20HF,
Know,how,to,extract,and,relate,human,sentiments,using,#TextMining:,https://tco/prJ3SZKCNQ,by,@fractalites,https://tco/IDd9XlDth6,
Is,there,any,free,tool,using,which,i,can,export,all,tweets,of,popular,twitter,handles?,#SocialMedia,#Twitter,#Analytics,#TextMining,
RT,@MarkTabNet:,9,statistics,that,explain,the,magnitude,of,the,Panama,Papers,https://tco/F94sO4kaQV
#textmining,#datascience,@sqlpass,
RT,@jmgomez:,Computation,and,Language,recent,submissions,to,the,ArXiv,https://tco/u3owVvC9br,#nlproc,#textmining,
Check,out,our,new,video,by,Prof,Dr,Ir,Jan,Scholtes,who,explains,#TextMining:,https://tco/22sR9mBAD7,#UMDKE,https://tco/YUezJRnprs,
Analysing,texts,from,Project,Gutenberg,with,Word2Vec,https://tco/dO9QOUdjc9,via,@jayantjain1992,#dh,#textmining,
RT,@MarkTabNet:,Distributed,Data,Analysis,with,Docker,Swarm,https://tco/NxIrosrUZt
#containers,#bash,#textmining,#datascience,
Distributed,Data,Analysis,with,Docker,Swarm,https://tco/NxIrosrUZt
#containers,#bash,#textmining,#datascience,
Text,analysis,of,over,4,000,#PanamaLeaks,news,articles,#PanamaPapers,#textmining,#datamining,https://tco/tfCereuAGF,https://tco/Oo9QiiuoAp,
RT,@jmgomez:,Computation,and,Language,recent,submissions,to,the,ArXiv,https://tco/u3owVvC9br,#nlproc,#textmining,
Be,sure,to,stop,by,the,#Anaconda,booth,today,@INFORMS,#ORMS,-,let's,chat,#Python,for,#datanalytics!,https://tco/x9M3YanUHD,
Why,In-memory,Is,the,Future,of,Computing,:https://tco/5wyJvHblm1,-,via,@Data_Informed,#datanalytics,https://tco/okWMusVsWz,
Understandin,d,user,behaviour,#datascience,#datanalytics,#AI,#Artifiicalintelligence,,https://tco/IZI6WFodgy,
Onsite,#datanalytics,=,#meetings,improvement,goldmine!,https://tco/ck2qBKuaNK,A+,article,,@corbinball!,#eventprofs,https://tco/1Jdpz5BZ8Y,
RT,@dcardozoa:,As,transparent,as,possible,#datascience,#data,#datanalytics,#intelligence,#datamanagement,,https://tco/vTKYQLqn2x,
Todays,#IT,#security,is,heavily,relying,on,#data,based,#behaviour,and,analytics,#datanalytics,https://tco/t7mkGPemxF,via,@business,
#procurement,fraud?,Let,#Datanalytics,,solve,the,problem,
RT,@EXAGolo:,Why,In-memory,Is,the,Future,of,Computing,:https://tco/NNM33BGoK7,-,via,@Data_Informed,#datanalytics,https://tco/PPKXeC4uLl,
RT,@EXAGolo:,Why,In-memory,Is,the,Future,of,Computing,:https://tco/NNM33BGoK7,-,via,@Data_Informed,#datanalytics,https://tco/PPKXeC4uLl,
RT,@EXAGolo:,Why,In-memory,Is,the,Future,of,Computing,:https://tco/NNM33BGoK7,-,via,@Data_Informed,#datanalytics,https://tco/PPKXeC4uLl,
RT,@EXAGolo:,Why,In-memory,Is,the,Future,of,Computing,:https://tco/NNM33BGoK7,-,via,@Data_Informed,#datanalytics,https://tco/PPKXeC4uLl,
RT,@EXAGolo:,Why,In-memory,Is,the,Future,of,Computing,:https://tco/NNM33BGoK7,-,via,@Data_Informed,#datanalytics,https://tco/PPKXeC4uLl,
RT,@EXAGolo:,Why,In-memory,Is,the,Future,of,Computing,:https://tco/NNM33BGoK7,-,via,@Data_Informed,#datanalytics,https://tco/PPKXeC4uLl,
Why,In-memory,Is,the,Future,of,Computing,:https://tco/NNM33BGoK7,-,via,@Data_Informed,#datanalytics,https://tco/PPKXeC4uLl,
User-generated,content,to,be,a,key,trend,in,corporate,e-learning,https://tco/AUIcaXwg4P,#lessonslearned,#storytelling,#datanalytics,
Customer,Relationship,Management,(CRM),in,2016,and,beyond,https://tco/eVcNlKLTww,via,@itproportal,#crmplatforms,#datanalytics,
Ready,for,Day,2,#BioIT16,-,Don't,miss,our,session,after,the,break!,#pharma,#datanalytics,https://tco/fEaPwb5qA9,https://tco/X5hO62GkzE,
RT,@litika7:,,@DatosIO,report,on,how,#organizations,are,deploying,next-generation,#databases,Via,@Informationweek,#Bigdata,#Datanalytics,
,@datos_io,report,on,how,#organizations,are,deploying,next-generation,#databases,Via,@Informationweek,#Bigdata,#Datanalytics,
,@DatosIO,report,on,how,#organizations,are,deploying,next-generation,#databases,Via,@Informationweek,#Bigdata,#Datanalytics,
RT,@EXASOLAG:,Why,In-memory,Is,the,Future,of,Computing,:https://tco/J5Sccl0Zt4,-,via,@Data_Informed,#datanalytics,https://tco/Z9Eq6Kb88G,
Refrshr,on,Regression,Analysis#BusinessAnalytics,#PredictiveAnalytics,,#RegressionAnalysis,#DataAnalytics,#BigData,https://tco/c2NJStzjsl,
From,business,operations,to,equipment,performance,#DataAnalytics,is,helping,transform,manufacturing:,https://tco/qSyErWZCPt,
WDT,Named,in,Silicon,Review's,Top,10,Fastest,Growing,Data,Analytics,Companies,https://tco/ImC7QidqX0,#DataAnalytics,
RT,@gurkanwal_kalsi:,Is,#BigDataAnalytics,good,or,evil?,https://tco/IjGDWnkXgW
#BigData,#DataAnalytics,
RT,@gurkanwal_kalsi:,Is,#BigDataAnalytics,good,or,evil?,https://tco/IjGDWnkXgW
#BigData,#DataAnalytics,
RT,@gurkanwal_kalsi:,Is,#BigDataAnalytics,good,or,evil?,https://tco/IjGDWnkXgW
#BigData,#DataAnalytics,
What,will,happen,to,#cognitiveanalytics,the,#IoT,over,the,next,few,years,https://tco/kBImBYbrw6,#BigData,#DataAnalytics,
RT,@gurkanwal_kalsi:,Is,#BigDataAnalytics,good,or,evil?,https://tco/IjGDWnkXgW
#BigData,#DataAnalytics,
RT,@TrajectoryMag,Guest,post:,@varah,of,@MotionDSP,discusses,importance,of,GPUs,4,#dataanalytics,https://tco/4LIGY1X8g2,@HarrisCorp,#geoint,
This,Big,Data,Analytics,Engine,Could,Help,Your,Business,https://tco/4ZPILE84FJ,#DataAnalytics,
US,Foods,gobbles,up,big,data,startup,Food,Genius,https://tco/VYA5kSubvu,#DataAnalytics,
RT,@gurkanwal_kalsi:,Is,#BigDataAnalytics,good,or,evil?,https://tco/IjGDWnkXgW
#BigData,#DataAnalytics,
How,#BigData,is,shaping,the,future,of,#marketing?,https://tco/73TJEy3RZ8,#DataAnalytics,
Is,#BigDataAnalytics,good,or,evil?,https://tco/IjGDWnkXgW
#BigData,#DataAnalytics,
#DataAnalytics,in,the,@MLS,is,the,next,evolution,as,teams,embrace,its,importance,@CU_SPS_Sports,@vincegennaro,#MLS,https://tco/Bl0wVylKbN,
Your,#Data,Should,Be,FASTER,,Not,Just,BIGGER,@HBR,https://tco/QK6GY18nWZ,,#bigdata,#datascience,#dataanalytics,https://tco/73cEnqMC9u,
RT,@Absolutdata:,How,#IoT,will,evolve,over,the,next,few,years?,https://tco/kBN3oJSafd,#BigData,#DataAnalytics,https://tco/uzwbtTqNlb,
How,#IoT,will,evolve,over,the,next,few,years?,https://tco/kBN3oJSafd,#BigData,#DataAnalytics,https://tco/uzwbtTqNlb,
3-Part,blog,series,demonstrate,how,#DataAnalytics,of,a,#UserBehavior,#Analytics,is,at,work,to,address,#CyberThreats,https://tco/YwzaTvFhQM,
At,Exabeam,,,#dataAnalytics,begins,with,Stateful,#TrackingTM,which,allows,us,to,organize,user,events,into,sessions,https://tco/poo6tUu4wt,
At,Exabeam,,#dataAnalytics,begins,with,Stateful,TrackingTM,which,allows,us,to,organize,user,events,into,sessions,https://tco/uGGDKM6ltp,
Cognitive,Computing,Leaders,Think,Time,is,Right,for,Healthcare,https://tco/N37nM9FoYl,#DataAnalytics,
#DataAnalytics,reveals,gender,+,racial,bias,in,Hollywood,https://tco/rphT4ZZiT2,#analytics,https://tco/KkbbgVreTB,
RT,@datasocietyco:,Do,We,Need,Doctors,Or,Algorithms?,,https://tco/Hs1i5bNq32,#datascience,#dataanalytics,#bigdata,#datainnovation,
Being,Smart,with,Data,Analytics,https://tco/WXusAv0p1N,#DataAnalytics,
RT,@threedeep:,Being,Smart,with,Data,Analytics,https://tco/yelpGlPSum,#bigdata,#advancedanalytics,#dataanalytics,https://tco/8Zy6m2uYHR,
RT,@threedeep:,Being,Smart,with,Data,Analytics,https://tco/yelpGlPSum,#bigdata,#advancedanalytics,#dataanalytics,https://tco/8Zy6m2uYHR,
RT,@threedeep:,Being,Smart,with,Data,Analytics,https://tco/yelpGlPSum,#bigdata,#advancedanalytics,#dataanalytics,https://tco/8Zy6m2uYHR,
Local,#Massachusetts,government,isn't,utilizing,#dataanalytics,to,improve,operations,Why?,https://tco/KuyNb6mYIQ,https://tco/dRdKhGrG1z,
RT,@threedeep:,Being,Smart,with,Data,Analytics,https://tco/yelpGlPSum,#bigdata,#advancedanalytics,#dataanalytics,https://tco/8Zy6m2uYHR,
GPU-Powered,Deep,Learning,Emerges,to,Carry,Big,Data,Torch,Forward,https://tco/80otdZ3veZ,#DataAnalytics,
GITEC,2016:,For,Big,Data,and,Analytics,,Agencies,Need,Multidisciplinary,Staff,https://tco/9d58EIwKK0,#DataAnalytics,
A,must,to,browse,this,The,Customer,Journey,to,Online,Purchase,https://tco/dhJdH8oCfH
#ecommerce,#ecommerce2016,#DataAnalytics,#adwords,
New,Splunk,Enterprise,Drives,Down,the,Cost,of,Big,#DataAnalytics,https://tco/lKgXRbNeVR,,#datascience,#bigdata,#datainnovation,
There,are,around,18,million,meetings,events,per,year,-,let,@Proxfinity,do,the,work,We,guarantee,#ROI,and,insightful,#dataanalytics,
#DataAnalytics,role,available,#Marlow,#bucks,must,have,advanced,#Excel,#vlookups,#pivottables,#data,#analyst,carole@journeyrecruitmentcouk,
Being,Smart,with,Data,Analytics,https://tco/yelpGlPSum,#bigdata,#advancedanalytics,#dataanalytics,https://tco/8Zy6m2uYHR,
RT,@Absolutdata:,How,#IoT,will,evolve,over,the,next,few,years?,https://tco/kBImBYbrw6,#BigData,#DataAnalytics,https://tco/zGeOvgh5jx,
How,#IoT,will,evolve,over,the,next,few,years?,https://tco/kBImBYbrw6,#BigData,#DataAnalytics,https://tco/zGeOvgh5jx,
Being,Smart,with,Data,Analytics,https://tco/SECG5vkVtM,#BigData,#advancedanalytics,#DataAnalytics,https://tco/aXcJE9NAg6,
For,15,years,@Cimetrics,has,been,an,innovator,and,industry,leader,in,physical,world,modeling,and,#DataAnalytics,#IoT,https://tco/YvFpSbciMf,
Marketers,have,more,'weapons',than,ever,thanks,to,#DataAnalytics,but,struggle,to,plan,for,battle,https://tco/3G026jK9c6,
#RideCell,Lands,$117,Million,#Financing,Led,by,#BMWiVentures,https://tco/bXrReg1hES,#ridesharing,#dataanalytics,https://tco/9rzmlVOqm0,
#DataAnalytics,to,help,#healthcare,organizations,do,more,with,less:,https://tco/dJqClOekRP,by,@saagrawa,
Cloud,data,warehouses:,Why,simple,is,better,(webinar),https://tco/jTmTfeKHvC,#DataAnalytics,
Big,data,analytics,,telemedicine,,wearables,rank,high,among,$14B,worth,of,health,IT,investments,,https://tco/zGDd2EMlhF,#DataAnalytics,
Microsoft,announces,availability,of,the,Linux,Data,Science,Virtual,Machine,on,the,Azure,marketplace,https://tco/Iwi8F6x3DQ,#DataAnalytics,
AM,BestTV,at,RIMS:,New,Sources,,Requirements,Fuel,Predictive,Analytics,Boom,https://tco/R8HBPuOCxN,#DataAnalytics,
Views,4,ways,big,data,is,affecting,benefits,administration,https://tco/jQYFFBhteq,#DataAnalytics,
The,rise,of,the,citizen,data,scientist,https://tco/p96qNIGgO3,by,@computerworld,#bigdata,#Dataanalytics,https://tco/oO1JPYQdhn,
50%,of,businesses,will,use,more,than,25%,of,their,#data,by,2018,https://tco/Zt3rUZuG9T,via,@ComputerWeekly,#dataanalytics,
Data,virtualization,ushers,in,unified,view,of,data,
https://tco/ci0LRL0Zuh
@sdatamanagement,#dataviz,#DataAnalytics,https://tco/19vGje43eF,
RT,@Absolutdata:,What,is,#cognitiveanalytics?,https://tco/kBN3oJSafd,#BigData,#DataAnalytics,
How,to,use,#DataAnalytics,platforms,to,find,the,right,opportunities,&gt;&gt;,https://tco/I9YTfaVwY0,#DigitalHealth,https://tco/RWk3gvGMp6,
RT,@3itcom:,Checking,out,What,every,CEO/MD,needs,to,know,about,#BigData,#DataAnalytics,on,Data,Science,Central:,https://tco/HNhzS36bs7,
What,is,#cognitiveanalytics?,https://tco/kBN3oJSafd,#BigData,#DataAnalytics,
RT,@continuity1tech:,Improving,#Data,#Security,Through,#BigDataAnalytics,https://tco/LgsKN2fgCY,
#BigData,#Analytics,#DataAnalytics,
RT,@3itcom:,Checking,out,What,every,CEO/MD,needs,to,know,about,#BigData,#DataAnalytics,on,Data,Science,Central:,https://tco/HNhzS36bs7,
Checking,out,What,every,CEO/MD,needs,to,know,about,#BigData,#DataAnalytics,on,Data,Science,Central:,https://tco/HNhzS36bs7,
#Tax,#DataAnalytics:,A,new,era,for,tax,planning,and,#compliance,Download,the,@DeloitteUS,article:,https://tco/NlkZN9IP3Q,
The,Wonderful,#BigData,Strategy,At,@RBSGroup,by,@BernardMarr,via,@Forbes,https://tco/QSRb8QWuTW,#personology,#dataanalytics,
Jonathan,Steinberg,,VP,Hybrid,IT,Services,,shares,how,#DataAnalytics,can,improve,your,#DCX,https://tco/85MafDDh6J,https://tco/Ks8oDOx5AL,
RT,@continuity1tech:,Improving,#Data,#Security,Through,#BigDataAnalytics,https://tco/LgsKN2fgCY,
#BigData,#Analytics,#DataAnalytics,
RT,@continuity1tech:,Improving,#Data,#Security,Through,#BigDataAnalytics,https://tco/LgsKN2fgCY,
#BigData,#Analytics,#DataAnalytics,
Improving,#Data,#Security,Through,#BigDataAnalytics,https://tco/LgsKN2fgCY,
#BigData,#Analytics,#DataAnalytics,
[NEW],@GE_Ventures,and,@MayoClinic,Launch,#IoT,Related,#Platform,https://tco/ZkkPTRy7Ku,#dataanalytics,#BI,https://tco/uCV9Svz3i1,
#DataAnalytics,conference,,tonight,https://tco/I1lFgZ9dCv,
RT,@Absolutdata:,Millennials,,#bigdata,,and,the,future,of,#marketing,https://tco/BjzepkqOKp,#DataAnalytics,
Millennials,,#bigdata,,and,the,future,of,#marketing,https://tco/BjzepkqOKp,#DataAnalytics,
RT,@Absolutdata:,What,is,#cognitiveanalytics?,https://tco/kBImBYbrw6,#BigData,#DataAnalytics,https://tco/phLaC6yn8Z,
MariaDB,targets,#bigdata,analytics,market,with,ColumnStore,https://tco/RBsreiNHbI,#datascience,#dataanalytics,#datainnovation,
RT,@BCS_NI:,NSW,appoints,Data,Analytics,Centre,advisory,board,https://tco/pfhyKzSkPG,#DataAnalytics,
Why,organizations,fail,to,successfully,deploy,big,data,https://tco/7Hie5I9SC9,#DataAnalytics,
FalconStor,FreeStor,gets,juiced,up,with,analytics,https://tco/MXmhmUncOi,#DataAnalytics,
Three,Big,#Digital,#Analytics,Mistakes,That,#Marketers,Make,#DataAnalytics,,https://tco/3oLp8Tp18x,https://tco/5nMUw6UFHL,
This,Big,Data,Analytics,Engine,Could,Help,Your,Business
https://tco/95Wnjr9aaF,
Big,data,and,privacy:,Getting,the,balance,right
https://tco/ud5AyXKAiN,
From,business,operations,to,equipment,performance,#DataAnalytics,is,helping,transform,manufacturing:,https://tco/qSyErWZCPt,
WDT,Named,in,Silicon,Review's,Top,10,Fastest,Growing,Data,Analytics,Companies,https://tco/ImC7QidqX0,#DataAnalytics,
RT,@CentricDigital:,12,Emerging,Trends,in,#BigData,#Analytics,-https://tco/WyXpP6jYrA,via,@DataScienceCtrl,https://tco/CEkfizHm2k,
RT,@mistwire:,12,Inspiring,Women,In,Data,Science,,Big,Data,ft,VMware's,@ybhighheels,https://tco/S0Ni231ZFo,https://tco/2tHjfDDsMu,
RT,@mistwire:,12,Inspiring,Women,In,Data,Science,,Big,Data,ft,VMware's,@ybhighheels,https://tco/S0Ni231ZFo,https://tco/2tHjfDDsMu,
RT,@KVHughes12:,The,Top,5,#BigData,#Analytics,Challenges,Facing,Big,#Business,-,https://tco/GvU1yAMCfc,https://tco/2xDYpPBMV5,
FORUM,on,the,Use,of,Big,Data,and,data,analytics,as,part,of,a,risk,management,strategy,https://tco/16xhkuxLXQ,
@SpartacusFoxGib,@Grummz,@Revanchist7,take,that,information,to,big,data,analytics,and,you,have,a,tool,to,destroy,millions,
Data,Analytics,Scien,Lv,2,Pcci,Jobs,in,Dallas,,TX,#Dallas,#TX,#jobs,#jobsearch,https://tco/Fn1j0aYJXg,
#PredictiveAnalytics,is,extremely,good,news,for,#marketers,Here's,why:,https://tco/vLFCza4GSJ,,#smm,
Collecting,data,is,just,the,1st,step,Without,analytics,,that,data,can't,be,fully,leveraged,#education,#bigdata,,https://tco/k0Gkn8SxGz,
RT,@KVHughes12:,The,Top,5,#BigData,#Analytics,Challenges,Facing,Big,#Business,-,https://tco/GvU1yAMCfc,https://tco/2xDYpPBMV5,
What,every,CEO/MD,needs,to,know,about,Big,Data,Data,Analytics,https://tco/0PEMf0S20B,via,@Sam___Hurley,
Who's,Analyzing,#Mobile,User,Behavior?,https://tco/PP0A4WLNvh,via,@websitemagazine,#Data,#Analytics,#Apps,#Behavior,#Consumers,#UX,#Digital,
Top,Resources,for,Business,Intelligence,Solution,Selection,

When,it,comes,to,the,selection,of,an,analytics,tohttps://tco/yIXOkm5WLR,
Splunk,Enterprise,Adds,New,Visualizations,,Analytics,

Splunk,recently,announced,the,general,availabilit,https://tco/Vp8k4LqDJ1,
RT,@Donazzan:,RT,@EXAGolo:,7,Incredible,Utilizations,of,Big,#Data,and,#Analytics:,https://tco/qoIAwWAKcv,-,via,@Decibelinsight,
RT,@Data_Informed:,The,Next,Logical,Step,Past,#Analytics,Is,#CognitiveComputing,https://tco/QA9EjZYOTM,by,@tdav,https://tco/WoxM3EDode,
RT,@EXAGolo:,7,Incredible,Utilizations,of,Big,#Data,and,#Analytics:,https://tco/qoIAwWAKcv,-,via,@Decibelinsight,
What,Every,CEO/MD,Needs,to,Know,About,Big,Data,Analytics,https://tco/AOHh0EPjRM,smb,
This,Big,Data,Analytics,Engine,Could,Help,Your,Business,-,Tech,Cocktail,https://tco/eZN6BWC8Uw,#bigdata,
Supply,chain,#analytics,help,companies,learn,how,lateness,of,one,shipment,affects,others,in,real,time:,https://tco/Kzn7tQrgEn,@MrkWPalmer,
This,big-data,startup,combines,AI,with,human,savvy,to,,#BigData,#analytics,#technology,https://tco/EAM8ixL6nv,https://tco/lBT1D9poWo,
RT,@siprasad:,This,Big,Data,Analytics,Engine,Could,Help,Your,Business,-,Tech,Cocktail,https://tco/ZzDcEormeZ,#BigData,
New,challenges,as,#InsiderThreats,and,targeted,attacks,look,for,new,ways,to,exploit,them,https://tco/tg05nCq1Yd,
Learn,how,to,use,#technology,and,#data,driven,insights,to,transform,outcomes,in,human,services,agencies:,#Dbriefs,https://tco/BUOT2gOqaK,
Local,in,#Boston,#BOS,?,Join,World's,largest,#Data,https://tco/H4L8i0o3cP,https://tco/8GHrXdirat,
For,#Data,#Analytics,#talent,#opportunities,around,#Skillset,check,#DataTalentDraft,https://tco/uM79ntnylR,
RT,@SiriusNews:,#Analytics-Driven,Data,Management,from,the,#Cloud,https://tco/QHxRwMYrov,https://tco/Xj4TNxaSji,
@SaaSCommunityUS,Thx,for,the,follow,guys,Come,see,how,@YellowfinBI,is,connecting,people,#data,-,https://tco/JIvOwWOwta,-,#analytics,
From,Grandiose,Data,Delusions,by,@mikepluta:,,Improve,your,Digital,Analytics,Skills,with,Google's,,-,https://tco/oBRPgLem6e,
RT,@KVHughes12:,The,Top,5,#BigData,#Analytics,Challenges,Facing,Big,#Business,-,https://tco/GvU1yAMCfc,https://tco/2xDYpPBMV5,
5,Steps,to,#Proofing,with,#Batman,https://tco/pPxbp3THJM,#analytics,#leananalytics,#lean,
Data,analytics,can,identify,risks,of,depression,and,pharmacists,are,on,the,front,lines,of,intervention,https://tco/eEp6K0R71Y,
Infosys,And,ATP,Partnership,Brings,Data,Analytics,To,The,Australian,Open,https://tco/ru1Yvw7MCl,via,@AnalyticsWeek,#lovethydata,
Social,#Analytics,#Data,Digital,Daily,@SocialNewsCorp,https://tco/NrmZTIs8P7,via,#twitter,@METAMORF_US,@juanfdezortega,@armedinaarias,
RT,@jimsilvera:,12,Inspiring,Women,In,Data,Science,,Big,Data,ft,VMware's,@ybhighheels,https://tco/QDIsXqovkA,https://tco/OWEvX1h4ms,
This,Big,Data,Analytics,Engine,Could,Help,Your,Business,-,Tech,Cocktail,https://tco/ZzDcEormeZ,#BigData,
This,#BigData,Analytics,Engine,Could,Help,Your,Business,https://tco/69qryN5zGd,#Entrepreneur,,#Startup,https://tco/AhvjJ84OmK,
Retweeted,Eric,Kavanagh,(@eric_kavanagh):

New,Focus,On,Big,Data,Is,All,About,Delivering,Value,https://tco/gfQao3oKKH,
RT,@eric_kavanagh:,New,Focus,On,Big,Data,Is,All,About,Delivering,Value,https://tco/17Yf836zzt
#opensource
-&gt;,via,https://tco/AdrEy25ip0,
RT,@gurkanwal_kalsi:,Is,#BigDataAnalytics,good,or,evil?,https://tco/IjGDWnkXgW
#BigData,#DataAnalytics,
This,Big,Data,Analytics,Engine,Could,Help,Your,Business,-,Tech,Cocktail,https://tco/6GP2II8sG4,
@Neal_G_,:,Big,Data&amp;Analytics,Veteran,,Cognitive,Thought,Leader,,Government,,Healthcare,Education,focused,,Avid,stockmarket,aficionado,
RT,@formfeuer:,This,Big,Data,Analytics,Engine,Could,Help,Your,Business,-,Tech,Cocktail,https://tco/9H6vaNUUX6,#BigData,#analytics,#tech,
RT,@_5u11y:,Dr,Megan,Price,of,@hrdag,is,a,COMPLETE,inspiration,a,good,friend,Their,work,is,absolutely,essential,https://tco/pLvo2AiZ1i,
